explained_pc1,explained_pc2
0.3309067820297188,0.19712597694655215
